datastore;BatchWrite (min);BatchWrite (max);BatchWrite (median);SimpleWrite (min);SimpleWrite (max);SimpleWrite (median);SimpleQuery (min);SimpleQuery (max);SimpleQuery (median);FullScan (min);FullScan (max);FullScan (median);Count (min);Count (max);Count (median);Sum (min);Sum (max);Sum (median);Delete (min);Delete (max);Delete (median);
sqlite;2.894651e+07;5.436245e+07;4.012029e+07;2.452395e+06;3.799845e+06;3.117085e+06;4.995310e+05;3.046562e+06;8.353208e+05;4.551560e+05;3.122240e+06;6.798364e+05;2.610930e+05;2.630677e+06;3.357916e+05;3.922390e+05;2.514896e+06;6.196963e+05;1.004949e+06;4.368333e+06;3.080284e+06;
realm;1.810552e+07;2.669583e+07;2.221784e+07;1.860732e+06;2.809480e+06;2.133303e+06;2.429680e+05;1.944323e+06;4.424901e+05;2.018750e+05;1.747552e+06;2.906171e+05;8.958000e+03;4.739600e+04;1.205993e+04;1.406000e+03;5.166600e+04;2.286509e+04;9.778630e+05;3.376041e+06;2.256184e+06;
realmlowlevel;1.448953e+07;2.012172e+07;1.666515e+07;1.716249e+06;3.061044e+06;2.067021e+06;2.251040e+05;2.087395e+06;3.777338e+05;2.133330e+05;2.013230e+06;2.955406e+05;0.000000e+00;1.204690e+05;3.489481e+04;0.000000e+00;1.469270e+05;4.085363e+04;1.445521e+06;2.383281e+06;1.855246e+06;
ormlite;5.335380e+07;1.297992e+08;1.007823e+08;2.586979e+06;3.352654e+06;2.881046e+06;4.636980e+05;7.833850e+05;5.798443e+05;4.276040e+05;6.377610e+05;5.206109e+05;1.298440e+05;1.886460e+05;1.433136e+05;3.779170e+05;6.202080e+05;4.698323e+05;2.536302e+06;5.314116e+06;2.957840e+06;
greendao;3.887844e+07;5.694089e+07;4.557426e+07;2.640157e+06;3.988853e+06;3.432388e+06;4.723430e+05;3.497344e+06;7.882646e+05;4.266660e+05;6.890620e+05;5.255277e+05;1.138020e+05;2.035363e+06;2.295568e+05;3.132810e+05;4.586460e+05;3.577141e+05;1.560260e+06;5.642450e+06;3.784672e+06;
